id,patient_id,address_line,city,state,county,zip_code
72088e67-19e6-43c4-9f0d-683f2b69fbb4,07e5d8ea-e03a-4ab1-a338-8900c9a53720,686 Hilpert Annex,Quincy,Massachusetts,Norfolk County,2186
2359c95f-4fa7-498b-bbaf-9cc7495f8e16,7dd641b2-a054-4589-b09e-78338229ed5c,788 Hansen Skyway,Revere,Massachusetts,Suffolk County,2151
52187032-e9b9-4c87-bae1-c24302581de8,8c1fd92d-789f-4068-a250-bb0dfcc06cbc,864 Wisozk Skyway Suite 4,Lowell,Massachusetts,Middlesex County,1851
06088df5-dbd0-4507-afa8-b10c378182f8,82881aeb-5820-44ba-b3c4-160925a41a20,205 Doyle Parade,Burlington,Massachusetts,Middlesex County,1730
d5f4e2e8-4abe-4edb-8770-b8c08158e0f1,9a0c288d-05d3-4cd8-a58d-b8500001dfd9,925 Brown Annex,Lowell,Massachusetts,Middlesex County,1854
64684733-93bb-4420-ae8b-dbe4e0aafab8,1fb58111-b429-4446-a385-407f1f7e3dda,368 Marquardt Highlands,Newburyport,Massachusetts,Essex County,1950
0ea3ee28-d5c9-435f-be8d-7aff4bcb85ae,4526c60b-7a0f-4923-b39b-5f5b108a86e6,794 Dicki Neck Unit 4,Worcester,Massachusetts,Worcester County,1607
5ab62a23-0dd4-48ca-8c7d-98a401e22728,22f929e2-a69e-4119-a7f0-3dc3eacb33a1,120 Collins Path Suite 22,Fall River,Massachusetts,Bristol County,2790
8d059038-0932-4b7e-a8ad-db3319f7df55,e6cb98b8-b174-4328-aa89-c409ddd6df2e,663 Blick Plaza,Milford,Massachusetts,Worcester County,1757
5dc97429-9ad8-4c1e-8d8f-58d67ff97e46,30075c0d-e107-4a54-a55b-4e5262d389fd,265 Schamberger Rapid Unit 70,Whitman,Massachusetts,Plymouth County,0
62763f3f-ba33-4478-9709-a2f915c85c57,94ab075c-e579-435d-a8f5-7a95e68d3f0f,332 Schulist Underpass,Watertown,Massachusetts,Middlesex County,2472
086eb207-e565-4c85-98ac-7459d0b7d878,3a2e971d-ba59-4ec9-9e36-d885ce4a0704,777 Bosco Union Suite 34,Boston,Massachusetts,Suffolk County,2108
dd3e97a0-d26c-4293-99e4-3250a81e20ba,2f54ba57-abd5-44a1-af20-350341563786,479 Haag Camp,Saugus,Massachusetts,Essex County,1906
9fd806c4-f9b6-4047-a4fa-9380bc0161d4,d29f2f1e-8b41-4cb9-8251-698c7dc4e469,997 Grant Row Unit 85,Peabody,Massachusetts,Essex County,1960
ac88def7-3835-48a0-8c4a-376a6713213f,ccda37db-cc3d-449f-a83b-53a72d828817,350 Quigley Mill,Boston,Massachusetts,Suffolk County,2131
667c787d-b6f5-47d4-b984-0955d4ee3fa5,ec68d14c-f2bf-48fc-a223-bbf48aa11149,1028 Hoeger Crossroad,Franklin,Massachusetts,Norfolk County,2038
25e70806-8a77-4404-a1ce-ac47db686128,28f6a419-7709-434e-a7f4-7d9db96c1b7c,861 Swift Lock,Haverhill,Massachusetts,Essex County,1832
55d522b4-2c26-4042-98f0-825e23f4cf15,4c3a4083-d2a9-429c-a99b-2eb2ffdb2535,640 Prosacco Street Suite 54,Boston,Massachusetts,Suffolk County,2152
32a1de61-d991-4018-a4e9-3cfada872ea8,1491a89c-c62a-4365-baf4-da626014e9a0,257 Wiza Forge Suite 31,Revere,Massachusetts,Suffolk County,2151
7a950fa1-a7ea-49aa-8ac7-e984676cb13f,bbd928c4-df42-4b9e-ae8b-b36acfe7fcca,299 Witting Vale Apt 11,Fall River,Massachusetts,Bristol County,2747
10c4898e-0462-4c0c-b854-3f5d27d8ea8d,b0f7652d-0f3b-4883-867e-a3231b106fe2,558 O'Connell Trafficway,Whitman,Massachusetts,Plymouth County,0
0365224a-91e8-4976-8b5b-f602d3ccc5ad,c6ab5cd4-792e-4a8f-9061-3e5f8a988363,785 West Meadow Unit 75,Lawrence,Massachusetts,Essex County,1840
fd0ba18d-8d7b-4ed6-bf02-fcb828aa8bef,918232c4-4689-48a5-9532-9c995f6eb38f,438 Schowalter Bypass,Needham,Massachusetts,Norfolk County,2494
6fe7386b-1418-4430-ac2d-f870f46985ee,477cab9e-8f38-4ca6-a746-776193e53cb2,144 Hartmann Viaduct Apt 57,Amesbury,Massachusetts,Essex County,1913
7dfeabba-7bfd-4276-b764-62dc7ea3b589,b6283f64-ea43-49ed-8fa3-cdd7e8b5c315,823 Rohan Walk,Stoneham,Massachusetts,Middlesex County,2180
e0a941bf-5c2e-4dec-b317-4198797e38c1,c277db7e-f672-4ad7-8e86-ab8f86c52b4c,324 Reinger Highlands Apt 29,Grafton,Massachusetts,Worcester County,0
f3457252-d67b-43f7-8fa0-cf75ec0d8d18,b4baa1ea-60c3-45b0-ba05-aadb7e808e0c,899 Goodwin Dale Apt 84,Fall River,Massachusetts,Bristol County,2790
800be179-c10b-444c-8849-44425dacef55,77abd061-fde8-455a-b6f5-b00bebca47cf,285 Weissnat Park,Attleboro,Massachusetts,Bristol County,2703
b0a89a3a-68e3-480b-8aa0-768e7b6b62f7,0944d203-99de-4413-a5e1-01fe226ab30c,256 Fritsch Pathway,Chicopee,Massachusetts,Hampden County,1013
9584cb89-a201-4d86-85ca-210479e98e1d,326e831d-9e5c-4f3b-ac6e-c491bbc8c0d7,1065 Hamill Center Suite 34,Arlington,Massachusetts,Middlesex County,2476
4a56f3ed-ae73-4f6a-82c8-8510f0033a88,ce179257-b6d8-4c2c-beed-bfa365bfe120,976 Kilback Lodge Apt 46,Somerville,Massachusetts,Middlesex County,2143
90d3c0aa-02f3-4d89-b111-df1eb565b644,3141c805-708d-4b93-8ad1-d722252cc1fb,373 Rath Skyway,Boston,Massachusetts,Suffolk County,2127
ddb6ec76-8072-4ddc-b31d-9f807b314dd6,52220b74-7b37-458a-ae74-3177ce433394,632 Halvorson Rapid Apt 32,Mansfield,Massachusetts,Bristol County,0
15404b38-8aa6-4976-b8d0-da27c771db02,025fd5f3-6278-4097-b6cb-2ecbaa471409,343 Feeney Terrace,Lunenburg,Massachusetts,Worcester County,1462
05f06ec0-8c7d-4214-8c37-4e48d352ee39,3b430edb-0440-4145-891a-d838322281d8,1090 Crist Spur Suite 38,Cambridge,Massachusetts,Middlesex County,2140
d61cf6dd-2506-4015-bc2e-cb54a64454a0,3cbef97d-2a39-42be-b758-e2feeffe1232,1030 Lehner Branch,Malden,Massachusetts,Middlesex County,2155
a6207f49-6ec3-4f35-878c-0355a1de20f5,0f3a3f52-387c-4790-b2db-873766f4ce92,791 Lindgren Passage Apt 87,Chelmsford,Massachusetts,Middlesex County,0
9b33b4ba-bfce-4f77-a39a-0469591d38cc,48d6868f-a89e-43a8-8197-a1249525479c,784 Strosin Hollow,Yarmouth,Massachusetts,Barnstable County,0
5fc92117-9cb7-4429-97b8-93343605b0d5,8dd251d1-5cbf-45b6-8832-fc6588856188,433 DuBuque Estate,Upton,Massachusetts,Worcester County,1568
7a064fb5-b199-4961-b497-d7e705623088,e750b04d-229c-4462-9cde-48a0d63b7612,911 Hauck Key Suite 34,Arlington,Massachusetts,Middlesex County,2476
13a820aa-e0d8-4ebc-9ec4-2b47c4d9db3f,86b88dc5-1a77-46f0-8502-18beb37ad4d8,1055 Miller Vale,Needham,Massachusetts,Norfolk County,2492
193c0f05-c8db-4b4b-ae76-b9ac78b75c66,02777695-73ea-49fc-9e7a-12082dc00674,1071 Rau Run Suite 89,Easthampton,Massachusetts,Hampshire County,1027
3bc99121-58e3-42fa-bad2-6356a677f3a6,c462e578-0da6-43c5-b6d2-2dd7a14d8b46,1089 Casper Branch Apt 85,Burlington,Massachusetts,Middlesex County,1730
6432f954-90da-4026-93ed-852140a1f89a,271c711f-ca65-4e74-8028-5a28c0bb73ec,571 Hills Highlands Apt 93,Groveland,Massachusetts,Essex County,0
de03aff7-7449-434a-90ad-5368ef12fac8,0e4d9563-87b3-4893-9e2a-9cd6d5775fe5,793 Mayert Lodge Unit 44,Williamstown,Massachusetts,Berkshire County,1267
b08ebf4d-414f-44e1-87f4-8b2d49dcef6a,4c643215-1fc8-4310-8cfd-14dc874c7ce9,974 Langworth Station,Fall River,Massachusetts,Bristol County,2747
a1e2aa42-24d6-4b88-aed9-488ab1e78f07,98fd2f87-2d82-4f68-8c62-257c212f046d,320 Collins Terrace,Weymouth,Massachusetts,Norfolk County,2189
3de1f10e-506c-4b2b-8e30-d227093de06f,31140e4d-9a63-49b8-8206-38b5c8c49f02,314 Robel Quay,Wareham,Massachusetts,Plymouth County,0
b8f2af6a-0ee9-464b-808e-54c5629a7bcd,75846679-2639-4c66-923b-e3a666a61095,842 Koch Common,Marblehead,Massachusetts,Essex County,1945
bd0c0f06-4a15-4904-9548-79eb46b48b01,8407e1a5-b355-47bf-b96e-289ccbf88fda,786 Doyle Common Apt 94,Amesbury,Massachusetts,Essex County,1913
6b95ef03-d5ab-478d-b1f5-b91152f452e7,3dda88e9-805b-469d-9667-da6945b4a63b,1093 Gutmann Trail,Boston,Massachusetts,Suffolk County,2134
009b5baa-6652-4be6-82bf-fe2c98d704f0,9b785af2-c929-4fa4-8dc5-f5c427c49516,936 McKenzie Key Suite 0,Stoneham,Massachusetts,Middlesex County,2180
976ca977-f51b-4536-900a-a43ad3c2c790,fa2ffe6d-8bd6-4057-921e-036dd3d027b8,891 Mraz Bridge Apt 79,Rockland,Massachusetts,Plymouth County,0
7946d493-5f95-40c3-87c9-518a222d3141,9f1a26f9-ed42-4d27-8aed-9d03ad4ac180,340 Braun Passage Apt 35,Worcester,Massachusetts,Worcester County,1608
1f507507-78f2-4ac9-aa64-23045c9ce25c,900080d8-dad5-44ec-b595-0a228bf9679e,1042 Dickinson Orchard Unit 51,Amherst,Massachusetts,Hampshire County,0
2a6f6ef3-64d7-43eb-9fa1-cb3c21a47563,7cb38b57-0896-4381-b53c-48fd7643847c,384 Breitenberg Center Suite 99,Springfield,Massachusetts,Hampden County,1108
2f2211e7-aaf4-4111-81f2-a7ed5375cb95,2a3ebc3a-e42d-4e35-82a6-08bc1edc4ad6,554 Yost Underpass Unit 38,Medford,Massachusetts,Middlesex County,2155
8c90598d-9c44-4480-8e42-955b2d591afa,d48c3b12-76a4-47d1-8fb5-49b98edf6692,191 Greenholt Club Suite 47,Tewksbury,Massachusetts,Middlesex County,0
0e53d00e-cc61-4724-81d0-3abb63037cd7,5a402a9d-f50f-46d1-bd06-e028db27e547,782 Gerhold Run Unit 18,Dedham,Massachusetts,Norfolk County,2026
366423e1-abf0-4324-a129-2a5598b80feb,808c30a1-91f2-454f-95b2-d7e4cb770386,684 Welch Arcade Apt 38,Newbury,Massachusetts,Essex County,0
1fe507fa-903d-450e-b962-eb88fffbb153,58dbacef-e5f5-434e-941c-596ef6ebfbae,183 Abernathy Alley,Lincoln,Massachusetts,Middlesex County,0
d673b663-8844-4329-be42-eb86b47a39ab,af3f9353-ee6c-4c86-b50a-47d54eec3dfa,822 Lubowitz Estate Unit 52,Boston,Massachusetts,Suffolk County,2119
1fc65c37-a5a5-41a3-8d3a-d2ba2bc36703,f99fd4c4-cf9c-4437-b277-8fa3b191a614,250 Moen Underpass,Boston,Massachusetts,Suffolk County,2151
f5b8a662-b9d6-4113-b61d-fca96d98bfa7,ac1441a2-9542-4f88-80c1-e6f8cf3ae8c2,411 Wyman Trace,Springfield,Massachusetts,Hampden County,1106
55782464-45a6-4b33-a6e4-458ad577f208,4197367e-3c9a-4ab4-9d55-00e773f56f58,1030 Gutkowski Forge Apt 22,Needham,Massachusetts,Norfolk County,2492
856af9cf-c5e9-4e82-a430-832c678e8871,e0aac9a9-1c9b-423b-b8f7-c54dc1e9c451,607 Wuckert Quay,Boston,Massachusetts,Suffolk County,2215
0b99541a-cdae-4dd6-a557-6dbad838a8cc,8be09b61-c506-4067-bb18-c65862118145,1060 Lesch Lane Unit 35,Tewksbury,Massachusetts,Middlesex County,0
a762c327-1f93-487d-a078-6ac395cfdc71,f1e23964-7280-44fa-85fe-369ace7d385d,757 Nolan Haven Suite 44,Newton,Massachusetts,Middlesex County,2460
bd767356-3dc3-4dd0-be58-d572dfa0eada,0e5ccbbf-437e-48ae-b9a6-e5ba3206fe05,296 Zemlak Ferry,Hudson,Massachusetts,Middlesex County,1749
de5587e3-b99b-4b11-afc0-1a0837608bb2,6df61845-f6a7-41cb-a770-f0dc9a22fde1,1077 Luettgen Glen,Belmont,Massachusetts,Middlesex County,2478
8aac3d53-1a55-42b6-acfd-0d900ca0e72b,96d71869-39d5-429e-a3f9-a850522b4815,128 Strosin Well Unit 53,Fall River,Massachusetts,Bristol County,2720
e4092951-661b-4da9-b6df-c97d4ce8fdbf,b1961709-05b7-4f36-91f0-b92ee3df1243,537 Walsh Mission,Cambridge,Massachusetts,Middlesex County,2140
6c1d42a7-ccda-4bc6-8b0d-39824ff8792c,f5fb1976-0a05-4d12-8691-b1d023714d34,996 Ankunding Approach Apt 1,Boston,Massachusetts,Suffolk County,2136
c667ae87-32df-47ad-a3a3-6c85e309e761,642bc112-3c18-4cdc-8e0e-f0c5167b0135,724 Nolan Camp Unit 48,Brockton,Massachusetts,Plymouth County,2301
0885a7d0-0b9a-42dd-ac5e-9ab24727d5e6,ccfce279-e011-4ece-8063-4de6b51c0ac8,348 Dooley Frontage road Suite 71,Marlborough,Massachusetts,Middlesex County,1752
2a4cc35e-cd54-467f-9ae5-1c5b87c6ea17,7979a56f-5bed-4f0a-b625-758c82a9ae23,257 Emmerich Gateway Unit 39,Wareham,Massachusetts,Plymouth County,0
4a4318a2-df15-4e63-b143-daede6ac5da0,8b5a6afc-230d-4904-95bd-1f44b333fd70,107 Leannon Passage Apt 66,Worcester,Massachusetts,Worcester County,1608
bab69a5b-7d42-4d6a-a65d-b4ca72534fb2,11bc8e6d-2315-497d-9d92-c0dddbbadce7,1049 Luettgen Viaduct Apt 19,Lexington,Massachusetts,Middlesex County,2421
9415b4c3-7be6-4dda-b4ff-3e8dc1f4eaa7,4e6a1768-2b68-41bf-aa6f-bb2c4a5d31ac,329 Wintheiser Viaduct Apt 34,Bourne,Massachusetts,Barnstable County,2532
e3d74cfc-11aa-48e1-b663-9566426b970b,35774003-a71b-4ff6-a547-a07495bcf202,150 Watsica Dam,Agawam,Massachusetts,Hampden County,1030
09016a37-496f-4db1-b27b-29ec9ca19afb,3c22ea1f-c3b6-4997-bd9e-92be616c26b7,1038 Quitzon Lock Suite 18,Waltham,Massachusetts,Middlesex County,2472
d69f662b-881e-4cd5-968b-96228aadc893,236f4014-4cb1-4e77-8d06-ba524b479c72,688 Yundt Camp Suite 41,Northbridge,Massachusetts,Worcester County,0
9c3c199c-94c7-4fa0-85c0-80ceafe43024,496d69eb-3123-4968-a36c-4d0768c5f4a2,234 Kuhn Gardens Apt 2,Boston,Massachusetts,Suffolk County,2136
d8336a63-b911-4aa8-b9ac-ae6bc4312b4b,a7aef2fa-1407-4f9b-9dad-f5e9b5d99230,520 Reynolds Grove Apt 81,Yarmouth,Massachusetts,Barnstable County,0
d5cf67ea-5caa-4e88-abcd-369ad91aede5,94a4af28-b116-4f6b-8b47-b8b102da4882,423 Cassin Center Apt 5,Agawam,Massachusetts,Hampden County,1030
3df66e23-974a-4a54-bd81-85e5c8ad93e8,079c62ee-8a4a-4cda-88b1-d3702d38ef46,279 Pfannerstill Pathway,Milton,Massachusetts,Norfolk County,2186
82a9efa6-fbfe-4396-91cd-1165b240325b,2ed211a5-578b-43f7-9e14-9e75e18aff5d,168 Murazik Terrace,Quincy,Massachusetts,Norfolk County,2170
76de4416-e7c5-4ba8-9200-e247aff77ba6,fbdbc7ce-7f75-4423-a5e3-a1b6d2ea0ff3,434 Koelpin Arcade,West Springfield,Massachusetts,Hampden County,1089
a3f113da-7a8f-407f-90d9-cf10ceaa8f1d,2f9ef33a-301c-468f-8ed4-1eddf9d2abc5,800 Schmitt Boulevard Apt 23,Cambridge,Massachusetts,Middlesex County,2140
e0b43b1d-ae3c-41df-ad54-cb2c8b112d4d,b960b50a-38a4-471a-a033-90f47b520312,359 Nitzsche Crossing,Westfield,Massachusetts,Hampden County,1086
b89bd715-ec09-41ff-87a7-e8ebefdf0421,770fea37-bafc-41d5-8cad-25bcd5fb128e,411 Gaylord Frontage road Suite 67,Fall River,Massachusetts,Bristol County,2720
5ba93c75-e435-49a3-9c19-8360f56123f9,e62baa72-157d-4048-b30c-c9013669ad78,343 Wisozk Hollow,Saugus,Massachusetts,Essex County,1906
ed0303d0-623d-4b6a-b2b7-b18e36bd3970,eed51131-8fb9-4326-9ac4-725482bed014,845 Streich View Unit 45,Boston,Massachusetts,Suffolk County,2109
d21a901b-f3f3-44c7-b4fa-40460d62c27d,f1484eb3-52ab-4b07-ae6f-e928b13d0d21,595 Parisian Avenue,Boston,Massachusetts,Suffolk County,2120
b1235309-54f7-4d34-aba7-64bae2ac3a2f,1beb48f5-7d2f-4fae-af3c-98442829145f,804 Nolan Haven,Bridgewater,Massachusetts,Plymouth County,2324
14a95326-2896-4b57-bc5f-057736ef7646,b2f04d71-8c13-4dee-a095-b5ab1ab5e718,1022 Bechtelar Burg,Springfield,Massachusetts,Hampden County,1013
588cc14a-ee1d-42a7-be0e-13d111343ddb,eb515f51-b5fb-4956-9489-f76332e41c78,746 Treutel Ferry,Lynn,Massachusetts,Essex County,1907
d37101c2-5d72-46b7-ba2c-bb542d0b6a5d,34694cd7-63e5-48d1-8ef4-1962ac1e8d58,468 Langosh Hollow,Bourne,Massachusetts,Barnstable County,2532
ba7060bd-cd29-4d95-b3bb-240ae3823665,a8e7f09e-1332-4c52-ad18-f931f9b3677c,1089 Hahn Way Unit 93,Yarmouth,Massachusetts,Barnstable County,0
8989df74-014a-4457-9ada-49747475c094,dd83ee8b-47b6-492b-b370-ba37ec4c21da,471 Mosciski Center Apt 23,Peabody,Massachusetts,Essex County,1960
8fd381ae-4445-463e-a726-4565be022f05,70983cc8-26c5-42b1-86bc-ee3c8e819733,477 Ullrich Passage Unit 53,Westfield,Massachusetts,Hampden County,1085
c479346b-c87d-45e1-b0f9-8cf6ea5d72b6,bff1fae6-4d67-4008-9034-42524c82d54e,676 Konopelski Vista Unit 69,Rockland,Massachusetts,Plymouth County,0
485f3783-5b98-4db1-8e4f-375af2e75a8f,60acec79-7b80-4647-a9ce-aa637f4ed3b4,357 Schmidt Way,Boston,Massachusetts,Suffolk County,2215
02365462-eb5c-4583-963c-a3625aa12835,e837efe1-9f41-4091-b8d3-7a6dc2603ae0,650 Olson Station,Winthrop,Massachusetts,Suffolk County,2128
d87f8e9f-707f-4aaa-b20e-9f03c5742399,a87519b2-1f25-43bf-9a22-6acab34c53ce,852 Runolfsson Lane Apt 56,Plympton,Massachusetts,Plymouth County,0
f498a9ba-b8ab-4e6b-b237-1afcfffd5190,a1068414-7d25-4037-ba0e-6bd4bb20fbb1,685 Batz Trafficway,Everett,Massachusetts,Middlesex County,2149
23ad0ce9-bd4d-4922-862b-610b535906bf,441f7749-44fa-4274-b789-b9bca359b93d,1006 Crist Union,Sandisfield,Massachusetts,Berkshire County,0
30d8e356-6753-438b-b6ee-04d907504d82,59044df4-f0f6-41f1-8b02-7ed795c20c33,138 Krajcik Walk Suite 54,Lowell,Massachusetts,Middlesex County,1850
fb0e8dda-2cbd-4e8f-9ede-f4544fade7b2,31ccee9e-a609-41e1-8c6b-5657c9f67476,336 Klein Well Apt 3,Rockland,Massachusetts,Plymouth County,0
78d81cfe-3996-4a7c-901c-9007e79927e6,1fd3a418-67aa-45ec-b058-de0f872450ba,308 Deckow Union,Arlington,Massachusetts,Middlesex County,2474
c9bc3c15-cb47-4be2-9f16-52bb7636c33f,a692595e-6fb0-4e2a-8c8c-510cfa0d2074,609 Breitenberg Branch Unit 65,Hudson,Massachusetts,Middlesex County,1749
512a0cf1-ec8d-4261-88fa-e6498bcb0862,ee30c4d9-31fc-4ff3-b4e6-ec27790b84f8,693 Kunze Club,Wayland,Massachusetts,Middlesex County,0
34b32479-a67c-4c1b-b450-929de1a389b5,69983aa3-7458-4a3c-962d-e9abe41351b3,140 Cremin Forge,Everett,Massachusetts,Middlesex County,2149
fd1e7dbd-2445-4f2a-8417-9b0879ae3c94,cd45ebbd-6503-4447-9853-6dd493381dc3,469 Rau Landing Apt 99,Leominster,Massachusetts,Worcester County,1420
d0dcfff1-fbb1-44eb-b65e-8f360f803b84,cce32e67-94aa-4ccc-a830-b39dbf95f895,461 Zulauf Ramp,Malden,Massachusetts,Middlesex County,2148
8e3700b3-297a-45f0-adfc-c6082af97351,beddf844-6bb0-44fd-8d3c-84079be57469,437 Kub Light,Medford,Massachusetts,Middlesex County,2155
410d4da7-46bc-4ebd-8ed5-601da6638cc8,4f7837e3-887d-4183-a4e2-8090f8968076,789 Weissnat Burg,Wakefield,Massachusetts,Middlesex County,1880
4dadf92b-6e61-4eeb-9dde-dd9eb6c7661a,b4fd6c70-f005-4c57-a308-dd85b6f40462,529 McDermott Rest,Winchester,Massachusetts,Middlesex County,1890
0b8e9832-cdf9-418e-ac67-75cc92a675a0,80d30d9d-fd73-4c7c-a1e7-1c8f82e1548b,910 Balistreri Divide Unit 65,North Amherst,Massachusetts,Hampshire County,1059
c40f5290-3ca6-47bb-b521-6cca1aa36b16,926d438a-aaa4-4e1c-97e8-609d8225d5b2,142 Christiansen Camp,Worcester,Massachusetts,Worcester County,1604
222eb4ce-51fa-4527-a3f8-bd7c5e47f5cf,b9a3493a-47db-40b9-a098-526ab9ee2118,889 Roberts Gardens Apt 3,Fairhaven,Massachusetts,Bristol County,0
ac2cdbf6-b3e1-4a04-ac12-1e44b204d79c,9c570b28-9d78-4405-b992-485f114510c9,623 Weimann Hollow Apt 68,Peabody,Massachusetts,Essex County,1940
22d38849-d458-43dd-a42b-81bef9a80e9b,adf12516-7cba-4036-8ce9-81e2f628e3a1,1032 Bogan Lodge,West Yarmouth,Massachusetts,Barnstable County,2673
d0c4ff9f-f209-4498-bc4a-3e2de5dc45f3,428231e9-dd13-41ff-87b0-24a5f1300334,376 Satterfield Route,North Adams,Massachusetts,Berkshire County,1247
5ddd1c7f-a625-40b0-b00c-362622629658,0d7afac5-b91e-4585-93fe-9aae784a82f7,1008 Murazik Track,Ashland,Massachusetts,Middlesex County,0
e3f8ad8b-5168-4bc0-9b15-e05fcbe9bb4a,da84de17-e673-44d2-b69d-cc13ac7d6bae,369 Roberts Mall,Cochituate,Massachusetts,Middlesex County,0
4abd31ba-79f3-4df7-939a-ded628f908ca,28c743d6-2ba8-4d32-ab21-7d6998875430,638 Upton Mill,Peabody,Massachusetts,Essex County,1940
922eb8a0-7709-47a6-89a2-9da689b80b48,f1b0e59d-75b5-4b2e-975d-39002723430c,442 Murazik Track Unit 99,East Brookfield,Massachusetts,Worcester County,1515
29171996-1d05-4329-b266-cbcc760d7be8,e9aef755-0dc0-40ad-9d7b-bf0541746de9,421 Barrows Forge Suite 83,Boston,Massachusetts,Suffolk County,2124
9ac13b79-eb2a-4171-8975-9f2c9aacc154,a53abadd-4a62-465b-b8d4-12d03456d5ca,559 Murphy Pathway Unit 62,New Bedford,Massachusetts,Bristol County,2743
f534f305-c127-41d0-ac5e-827f3d988fd7,e3cfe094-fc06-4a88-950a-dab22b8791a7,1094 Bahringer Mill Suite 73,Dennis Port,Massachusetts,Barnstable County,2639
2f6bd68b-6e4f-4170-a577-7975f15ce721,6459a73a-af0f-4710-907b-f26ed51afbd3,451 Kohler Throughway Apt 23,Randolph,Massachusetts,Norfolk County,2368
3d8ab90c-2386-45a5-8cb3-9795d839042e,2d5f4852-584d-4586-85ad-104a8697a0cc,370 Bayer Camp,Cohasset,Massachusetts,Norfolk County,0
7cfc852f-d10e-44c2-be12-be461f67eb86,186e48a0-10c2-4b22-97d1-3bacfd86132a,649 Fay Branch,Medway,Massachusetts,Norfolk County,0
daadca8e-8a2b-40df-a015-5a16c64256a6,0cda4592-0a30-4508-b0ee-b16eb83c02ae,130 Wolff Branch Unit 96,Lowell,Massachusetts,Middlesex County,1854
b3fe3afe-fcc6-4a0d-82f2-0c1630171d15,35cce7e5-a01d-4d8e-b3cd-834130044104,991 Fisher Corner Apt 42,Boston,Massachusetts,Suffolk County,2203
0b6d50db-c5f9-4d01-ade4-811bd096db87,23e1f3ad-0a70-4178-92ff-2eb3af2d699e,889 Farrell Mill Unit 60,Northampton,Massachusetts,Hampshire County,1053
9c906254-9116-4e95-88b0-8aa6067eed68,da2552f7-8131-49e2-b1ce-bdfd3b5d4c5b,1090 Gibson Light Suite 31,North Amherst,Massachusetts,Hampshire County,1059
7b354fe9-efff-4dbd-af25-d71e5038106f,3a1a1f10-a46c-4e09-b638-cf31256c9d1b,631 Yundt Terrace,Winchendon,Massachusetts,Worcester County,1475
fe6d7674-bce6-4a7d-bc23-789b0ffc9d93,6432f223-bb8f-4c76-8255-440ae679d815,212 O'Reilly Course,Cambridge,Massachusetts,Middlesex County,2141
7ca59f85-0eb5-4fbd-81fb-5d13488866b5,071af551-d352-4279-97ff-565a8516958d,465 Stehr Center,North Reading,Massachusetts,Middlesex County,0
611b587e-0981-425f-80a0-2c391dffe889,79e0135f-bfbd-4bef-8099-a935e7529c62,121 Windler Course Apt 84,Peabody,Massachusetts,Essex County,1940
efb6cb3d-8694-4582-92d8-136b1a4c1359,f4c88af0-ff05-4535-87ce-0f77ebcbf68d,875 Gerhold Forge,Pittsfield,Massachusetts,Berkshire County,1201
f24689ab-3d33-404e-a6bf-d838b891b2f3,9ca9e34f-1f1f-43aa-9444-548b9422440e,291 Predovic Corner,Falmouth,Massachusetts,Barnstable County,2540
17efdd35-3d56-4d41-95b6-be011c210956,30b8a8b6-6a7e-475d-a7b9-7458659b51bc,199 Lowe Manor Apt 70,Taunton,Massachusetts,Bristol County,2780
869960ba-1c50-4887-be76-1cd12ee44440,664fc4fd-80cd-4580-a7cf-7b21e9fd7160,733 Block Haven,Medford,Massachusetts,Middlesex County,2145
fc7a3405-1ff1-4fd4-ab89-1d4b1d43926b,cc28dba9-8932-4d64-9222-82600e46fa3f,1034 Dooley Trailer,Wareham,Massachusetts,Plymouth County,0
821fb90a-d51e-4856-80fd-a8817c9beb65,8a94ea60-3762-4c31-b7d0-a5bd6292dea0,563 Hammes Mission,Rowley,Massachusetts,Essex County,1969
8685ae13-0649-4f8a-bc69-4f015542e73b,b1cecd3d-16c6-44b9-9863-8f94a45c3f30,431 Predovic Path,Ludlow,Massachusetts,Hampden County,0
301a7cc1-5fc7-48c5-b4ed-c0adfed8bd7c,6aa971b7-dbf4-480c-bebf-fec9ce5c6d52,670 Barrows Arcade,Whitman,Massachusetts,Plymouth County,0
ae0fa038-0591-40f7-9dfc-35786bfa6782,0caaf67a-8e60-44d4-a8e1-d763f298b2bc,1091 Mayert Trace Unit 27,Brockton,Massachusetts,Plymouth County,2302
3e464aae-e667-4a07-b3b5-60a0ff8fd14c,2dbc2b59-741e-4c4e-a029-7d0b6d339d63,808 Erdman Branch Unit 48,Woburn,Massachusetts,Middlesex County,1801
871a0963-4272-492b-bbb4-25ccfbb6a38f,42359d55-8cc5-4480-bbdf-a6a2b62a7847,209 Hintz Manor,Sterling,Massachusetts,Worcester County,0
a09217d3-559a-41ce-bf8a-48fd08fa9155,501a73df-01ef-47ef-80be-81e13f814fa6,715 Gusikowski Flat,Stoughton,Massachusetts,Norfolk County,0
77a35a65-dae1-4b77-91ff-69b883c1f772,48896b8d-5839-4917-a38c-62ffbb493bee,574 Keebler Crossing,Springfield,Massachusetts,Hampden County,1109
3dd27743-f00c-474e-9e6e-0de5c9cf2116,85a45e03-2204-41fd-9534-125cd689d6f0,233 Bosco Crossroad Apt 25,Mansfield,Massachusetts,Bristol County,0
b2e60a93-cbf5-4a5e-acae-7eebdaca2893,1e583ae7-642c-4550-83f7-c1b1570a3879,1047 MacGyver Bypass,Douglas,Massachusetts,Worcester County,0
4710b066-8597-436f-9630-f949fdc6d059,925a8a5d-64db-43fe-b226-833236dfa8e0,977 Mosciski Avenue,Waltham,Massachusetts,Middlesex County,2452
ee6936e7-9250-4827-ba47-53279d8c60f4,e5b3739b-3a0d-40a4-bb66-8bb1d6a1ce01,1066 Veum Dale Unit 10,Springfield,Massachusetts,Hampden County,1199
1dd3f2aa-c2ac-42da-863e-b8c180b26fe6,95f9b271-50ac-4f3a-a6cf-8d6d7469faa8,797 Keebler Heights,Hubbardston,Massachusetts,Worcester County,0
4905a1b5-e79e-4080-9b74-18b406d491f1,bb247d8e-ac6c-48fa-9d24-46bc61458fff,282 Tromp Camp,Medford,Massachusetts,Middlesex County,2155
79f68cc2-b016-4d2b-a049-6eca67fc2f45,5386cb99-445b-4d46-b639-f69c70af202f,937 Altenwerth Station,Holden,Massachusetts,Worcester County,0
4be699a2-2e6a-4c3e-a696-c5ceca254d3b,b66a67ae-def6-4fd8-b9ff-cfad32176991,670 Hills Terrace,Milton,Massachusetts,Norfolk County,2186
a60f5592-ae40-4141-a454-62d76db54204,2d123942-37f6-4220-8c89-c0cf06f6f333,956 Kutch Arcade,Mattapoisett,Massachusetts,Plymouth County,0
24c63fbb-3f9e-4887-9f07-cda8b53b0ee7,43350b6a-7d94-4c23-a4c4-11ebd4c8b693,708 Marks Branch Suite 78,Smith Mills,Massachusetts,Bristol County,0
cd1e8649-038f-4964-b8ac-58de9414a77b,2ebd70f6-88ed-4ab6-9a23-943826aa7c5f,1030 Oberbrunner Common Unit 83,Peabody,Massachusetts,Essex County,1960
a06c476a-b870-4e3a-ad6f-83ebe2c2125f,44116ae0-4bca-4a84-b048-d9136a155496,582 Waters Frontage road,Andover,Massachusetts,Essex County,1810
f519867b-3e9a-4460-bc3b-495668520f77,d3898f10-e236-4088-a0a7-0a6002ddecc1,1066 Kunze Grove Suite 99,Taunton,Massachusetts,Bristol County,2780
3aa846c0-01e8-4846-8faa-8715f8be0410,3b2f1ecf-b460-4211-a5c5-4d64480aa0f5,447 Tillman Fort Apt 1,Rockland,Massachusetts,Plymouth County,0
db67f561-ca94-4172-b491-d63cf1b125e7,64188deb-3484-4328-b99b-46fb00225145,891 Ebert Fort,Arlington,Massachusetts,Middlesex County,2476
fe8e1d01-158f-4193-b083-504203f07651,4c6d9654-cc37-4fea-a58f-40ff294dbb0b,872 Abbott Gate,New Bedford,Massachusetts,Bristol County,2748
5d89e93d-f8f5-49cf-b031-d726fffcc718,d59f25ce-544b-42c4-a5df-fe520404585d,295 Murazik Drive Unit 59,Lowell,Massachusetts,Middlesex County,1851
a0ea8e69-9d12-454c-b191-2e9e10ad4ad4,48de3306-2cd0-4e55-9b81-944dcd6a88ed,575 Blick Ville,Westwood,Massachusetts,Norfolk County,0
0c0215d5-5c6d-418d-a12a-bbe1586b6f46,21c8016c-7103-444c-9605-6a8c9469e165,685 Rutherford Fork Apt 32,Cambridge,Massachusetts,Middlesex County,2141
e2445a5b-55b5-42d1-8f39-b1b70e2cc2aa,d64393d5-8738-4607-b8b6-6ebdb374241c,925 Feeney Dam,Worcester,Massachusetts,Worcester County,1605
32d82ecb-89ab-473f-99b6-f08ffb63ad55,222768f8-c0a5-4646-b061-c02fce434104,691 Monahan Mission,Boston,Massachusetts,Suffolk County,2122
e4b746b3-9e64-4c57-9326-fd44a4963188,cdce3ea4-35fc-4cce-b10a-d8a81785feef,538 Moen Orchard Apt 93,Weymouth,Massachusetts,Norfolk County,2191
35482fd5-8a5b-4d76-8780-561f1cb64b9f,1139f331-fc32-4c9a-a47e-41d21fad14b7,1028 Harber Skyway,Newton,Massachusetts,Middlesex County,2460
ff653ab8-da7b-441d-8e81-7477b17099c7,6e98c9d2-50dc-4566-9e49-1afb1075cce9,582 Kihn Junction,Stoughton,Massachusetts,Norfolk County,0
e9585676-0365-4f9c-a3ae-3766ffd13cbe,8b83985b-dc2b-4b9f-bde0-f79639ea8e54,1091 Reichert Stravenue,Pittsfield,Massachusetts,Berkshire County,1201
0681843e-2b66-49cf-834b-b3ba02968006,61478e0a-08f3-407e-9cee-fd576152c1f6,209 Stanton Route Apt 65,Chelsea,Massachusetts,Suffolk County,2149
e8f39553-773a-4ed9-89ff-61bfa64d046f,b1051982-2811-4a7c-806a-082953d10b14,1024 Labadie Estate,Plympton,Massachusetts,Plymouth County,0
fd2a50cf-aeda-4eaa-8db4-098690d546a7,de67bacb-3b8e-4a74-802a-dd974649c2c4,1033 Goyette Hollow,West Springfield,Massachusetts,Hampden County,1089
a8bf87f1-d961-4b12-bde9-b93487bfa4b1,242bfcec-7b0e-4f64-98c4-50340ec1f32c,572 Rippin Common,Dartmouth,Massachusetts,Bristol County,0
8c00a9b2-f19f-4378-8ee6-d683e4e78f70,73087934-e062-429e-a7a1-26fd78e7b2ae,991 Rath Manor,Williamstown,Massachusetts,Berkshire County,1267
afa4075a-ae01-48e4-b39e-92af30b92d6b,68cc5d9b-f576-4aa9-8e95-ee34fb9243cf,588 Haag Mall,Boston,Massachusetts,Suffolk County,2210
436b0ea8-2a95-4818-ae98-0ef6984a258a,863a8414-0b02-4e8d-bc4c-89f24b7795ab,1051 Altenwerth Fort,Lunenburg,Massachusetts,Worcester County,1462
5d63003c-ee14-4882-bc48-3868a783688a,e71dc0b7-b98e-4697-b973-cf8769aa5ea9,1002 Spinka Lock,Boston,Massachusetts,Suffolk County,2210
8e6a657f-b0fa-40b2-8e77-a485a3635a20,686c7a64-6ca1-427e-8040-30a4128477e8,144 Larson Junction Unit 63,Lee,Massachusetts,Berkshire County,1238
010a09dc-4076-4cd6-a736-cb0d7d7c0169,5c08b8db-fef9-4f95-a0ec-b8fea3fbe987,535 McClure Course,Athol,Massachusetts,Worcester County,1331
5d1ed87c-ad4c-4cb8-a447-44d49e3fdc5b,f4ae0140-075e-41b2-9736-6cc0b4c99af4,498 Farrell Approach,Reading,Massachusetts,Middlesex County,1867
4c814ba8-4c26-4e08-a55c-aff29f3113db,56fb2035-ce96-498b-bea1-96233bb32853,608 Kunde Wall Unit 31,Taunton,Massachusetts,Bristol County,2767
85448a85-de8e-4a13-a84f-defc89645efd,11e28211-0e6f-48fd-be52-54c233d4c38d,614 Wisoky Neck Suite 35,Springfield,Massachusetts,Hampden County,1104
abd0a526-aa71-435f-a7f3-dbe2a01ca171,aefd3b48-7ee2-4f29-a57d-a8e140dbd67d,465 Deckow Wall Unit 25,Malden,Massachusetts,Middlesex County,2155
d8e0b8a9-2717-4866-a766-d496dcbbc904,2e359fc3-1c09-4ce9-8351-f6e0dc1554db,866 Deckow Lodge Apt 29,Cheshire,Massachusetts,Berkshire County,1225
30b987ef-0700-46a4-b6b8-1ae88823823c,cda7de01-61fe-4d00-be87-fa1269364c59,102 Connelly Lodge Apt 3,North Reading,Massachusetts,Middlesex County,0
0269ea5d-6710-43bb-b3e7-ac342604cd54,d4eca70b-1220-478c-8cc1-54ff6e1982e7,833 Schowalter Harbor Unit 94,Williamstown,Massachusetts,Berkshire County,1267
b2f036f5-be89-4adc-b945-052b62d92bef,89cdaae6-16d1-4ae9-8580-d5cb414b9975,1043 Kemmer Burg Suite 94,Framingham,Massachusetts,Middlesex County,1701
e83ebc3b-6591-4763-97de-a1020ee73500,098e1764-374c-481f-93d6-1e63d58965cf,856 Purdy Road,Mansfield Center,Massachusetts,Bristol County,0
8746af88-b90a-4267-b238-3ee190e2f48d,48118e5c-5e3c-465b-bd03-d2a346d368fb,236 Mitchell Pathway,Rehoboth,Massachusetts,Bristol County,0
0c0f44dc-0467-4118-8dc0-ff5da53a99cb,e3faca08-f963-490f-afa9-13260a8560e1,579 McKenzie Green,Somerville,Massachusetts,Middlesex County,2144
afb472e2-c451-4d72-b6d2-37d9fd0be899,26ab003f-ac73-4b73-96bb-a879bafa7810,580 Murray Dam Unit 74,Springfield,Massachusetts,Hampden County,1151
cee32980-792c-4274-9259-73fe126c8537,c6de7c88-f47f-4f22-be64-4aa34fa3e585,822 Veum Station,Boston,Massachusetts,Suffolk County,2129
86dc1d0a-722b-4598-b2e0-fbd1883cddca,cd8efda1-f1f0-4dca-bd59-cd3af440678d,970 Lynch Lock Unit 29,Boston,Massachusetts,Suffolk County,2203
f5b2c375-83cc-454d-9911-b7d390544aaa,a6d9b51c-7f0e-4f8e-9e48-0a657c5c53fb,226 Cruickshank Stravenue Apt 64,West Bridgewater,Massachusetts,Plymouth County,0
7bcf64c6-d57a-43cd-a368-7f98d3393121,401e61a2-95fe-4b35-a1b3-b1c87ec1e88c,741 Douglas Track Unit 29,Randolph,Massachusetts,Norfolk County,2368
0508c3d3-2ab9-4a5a-bba2-1d754b65feca,0227d060-3c67-46b8-8271-803293b74b0a,478 McLaughlin Mall,Dartmouth,Massachusetts,Bristol County,0
382ec131-c8fe-496a-a2ee-e98a4ba0dc0f,4a7a1c81-a189-42df-be20-57feff2ac5eb,830 Rogahn Landing,Stoughton,Massachusetts,Norfolk County,0
a29d3f50-50ef-4b25-92b6-1a75bde67e7a,03dd92eb-5d8d-4c97-90b1-4dbf349fd89b,714 Hand View,New Bedford,Massachusetts,Bristol County,2747
11d7911b-e129-4719-9602-74001000c970,6a5100e5-d33a-4d3f-82db-5b126457ab67,811 Stanton Knoll Unit 30,Worcester,Massachusetts,Worcester County,1606
36475bff-d88f-4975-8434-138dd065247b,a6b860ac-a855-40b0-8189-caf6d6c7a738,816 Kuhn Crossing Suite 0,Needham,Massachusetts,Norfolk County,2494
dfac1fef-0da4-4b34-a2a7-02f33f65deed,d9a28b29-7856-454e-aac1-5edac7bda0bd,632 Runolfsdottir Station,Southwick,Massachusetts,Hampden County,0
9ed7f2f7-fbd7-4e1e-9dcf-cca5df223499,9dcb3643-64c6-4567-ad72-d2b4d96030ae,983 Larson Trafficway,Winthrop,Massachusetts,Suffolk County,2152
21797cd4-0089-4965-9afe-2d1114fc0193,4a75807f-022a-4dc9-a095-b0ff076d079b,404 Grant Trail,Dedham,Massachusetts,Norfolk County,2090
18a6f332-6c5d-4602-a8b0-b90eb7e08378,22c5890c-0b09-4749-9bc4-4be645914eb7,242 Kemmer Corner Unit 1,Billerica,Massachusetts,Middlesex County,0
9a3b745f-7768-4149-931c-c0ed02131b79,760cf840-0c72-490d-be01-88421f127262,967 Fay Bridge Unit 11,West Springfield,Massachusetts,Hampden County,1089
1b21e35c-1919-43df-bc1e-e0c80cbeabcb,6b1b664d-eb6a-4140-814c-191afe07bc1f,649 Schimmel Gateway Suite 98,Salem,Massachusetts,Essex County,1970
d923f06e-27bc-4d6a-b412-48b2fa2c7a94,b78e118c-4fc5-48c0-a22d-046892684894,572 Kutch Mill,Acton,Massachusetts,Middlesex County,0
1cf1df11-4a72-4cee-aa1f-a2eb3cb1ac9d,ebfaa09e-267e-4308-adc5-f3438e268b9c,203 Dietrich Camp Unit 23,Groveland,Massachusetts,Essex County,0
95e0fb9f-d2de-4163-becc-ee59255a351e,9ed54dc6-c839-43b4-be69-a5a53dc83dd8,353 Pagac Ville,East Douglas,Massachusetts,Worcester County,1516
8c138099-6bc8-4bf7-a1e1-4c70b8484c0b,bb44c174-45e7-48d1-a5a2-89a8f68b4d83,143 Howell Branch Unit 33,Methuen,Massachusetts,Essex County,1841
591886d7-afe1-4462-9481-ddf0d44749c8,a952f84f-825f-4c20-9699-a324785f7d4f,540 Gutkowski Lock,Weston,Massachusetts,Middlesex County,0
0f622834-0eb0-4d41-880b-14a2843530f4,b2d5b7a4-9472-4f31-a4bc-1bc76afba8ae,1039 Walsh Port Apt 30,Springfield,Massachusetts,Hampden County,1118
9f0f076d-07a4-4614-aa58-d3a05150392a,3c9c3557-7c45-4954-ac8f-9de8ec0f4aee,958 Mills Frontage road,Northborough,Massachusetts,Worcester County,1532
a0915502-51c2-445a-a933-06d999c46adf,1d7259c6-d4af-41ca-a3cd-f79b1aeaab48,129 Toy Union,Amherst Center,Massachusetts,Hampshire County,0
779e35b4-d053-44a6-af2e-5d7b8655fe7a,48cff8c7-b4f5-458a-bdaa-c627bb7b80b0,858 Batz Ramp,Brockton,Massachusetts,Plymouth County,2351
036f80a1-670b-4b7f-a2c9-d03fe48f04d2,7da9fb48-59f4-46b5-a40c-d0278f409598,173 Hagenes Branch,Springfield,Massachusetts,Hampden County,1107
84b8e09b-f78a-48e2-a6c8-90272c1587bb,ee885109-8a7b-4831-b3df-27f697a56fc1,309 Renner Camp,Revere,Massachusetts,Suffolk County,2151
52edd6f6-ef04-4764-9c2f-bc9ff32c25fc,d2796b45-9b8b-4dc6-9e15-b1ce6d3eb43e,965 Anderson Tunnel Suite 20,Quincy,Massachusetts,Norfolk County,2169
fa4813ae-1bd9-44bd-9230-69f72cf23643,2e188e2b-1149-4100-832f-10152ab94509,350 Boehm Common,Lexington,Massachusetts,Middlesex County,2421
9a96edd2-6741-4a9c-8e1d-f3c9383d4e6c,42f8b8c4-15db-4346-9a17-66598c566f12,385 Howell Parade,Medfield,Massachusetts,Norfolk County,2052
2f11c724-2e82-40fd-bdfd-56b28eed30e2,3add0529-7843-4901-932b-b1a96289e5b3,774 Hettinger Rue Apt 15,Boston,Massachusetts,Suffolk County,2151
176c65a2-c359-4746-8c7e-5cceb9bdba6d,5e79b02d-51f5-44e7-8ec1-34a24cb17bc7,396 Bechtelar Wall Apt 9,Franklin,Massachusetts,Norfolk County,2038
a0bba5db-6d5f-41f1-b0de-a26511e7d73b,7e0064fe-8b97-4c1e-b91c-127ccda9a60e,529 Hyatt Path Unit 54,Hanover,Massachusetts,Plymouth County,0
e94f5754-e5cb-43d7-be28-9f05687ab9d4,1900bf63-4003-4d95-9090-82a598187123,623 Schroeder Crossing,Belchertown,Massachusetts,Hampshire County,1007
9cac0284-4225-4c08-91eb-a62aa093bf1e,abf5f91c-c63e-44c6-b3a4-7645136d1475,500 Olson Junction,New Bedford,Massachusetts,Bristol County,2745
ef917f92-7456-4340-af00-17c9f0f30f9f,ea57b1c6-6b95-457a-b06d-f7d71e1b2235,1071 Kunze Plaza Apt 19,Acushnet,Massachusetts,Bristol County,0
ad79eb16-d1e2-4496-9866-9b0a6e5b5b1a,9d7cdb30-b970-4e11-8892-c61796da3532,212 Turner Mall,Everett,Massachusetts,Middlesex County,2149
1ff068ad-875e-40a5-b80e-d9c172e5e70d,c2cc4319-8e50-4e07-8647-5d540d486fd1,631 Bogisich Terrace,Pittsfield,Massachusetts,Berkshire County,1201
13e19b4f-dd6a-470e-b6b6-4019895cad5a,1901f9f9-0358-41ae-9f20-a50b1537890a,463 Kuhic Trailer Suite 70,Lawrence,Massachusetts,Essex County,1843
e82f6ea9-8f86-4a4d-9809-2898ae525eb4,ba1f9e24-45d3-4dd7-a0f5-f9133d089c0f,701 Hand Quay,Quincy,Massachusetts,Norfolk County,2170
2c73ea09-b20e-4cfd-a4d6-1b6dd3fe9791,97d05b03-c84b-47b5-81f0-df21ab6f3b19,1076 Kirlin Common,Wrentham,Massachusetts,Norfolk County,0
da184448-ac6d-4fde-a47e-7359986fe7f8,9e6c9008-f4dd-430e-b206-52bb4fc631b1,339 Crona Common,Tyngsborough,Massachusetts,Middlesex County,0
2e77eec6-8191-4098-a8f8-4e677cd90c86,946c0b30-cf56-4729-9de1-2eef78f782df,430 Beer Divide,Sudbury,Massachusetts,Middlesex County,0
6074d82c-54d0-4576-b088-4abda2c191df,d5b332c4-ed79-4c00-b5b4-e621a2a1f0b6,1054 Bechtelar Way,Dennis,Massachusetts,Barnstable County,2638
d681d0ad-36d1-426d-9cb3-a28dd05b7912,4461e74f-af8c-405a-8923-9ba7b4411377,382 Mosciski Center Suite 15,Weymouth,Massachusetts,Norfolk County,2189
7ac083b6-bc4a-441b-8065-9bbc0bf8118f,9e04cdd6-37c7-4c53-8153-e35660c67315,443 Hermann Fort,Fall River,Massachusetts,Bristol County,2720
42320c23-e9ac-4a45-be55-a933d7fd2447,6c267a9c-f4b2-4c5a-a319-d9e1248ef28c,353 Davis Trace Apt 11,Belchertown,Massachusetts,Hampshire County,1007
59306e6e-4f26-4982-b944-a3b6b297f8c9,10af9d2c-e7a1-4e75-8317-5c26f0e57fd5,799 Harber Street Suite 14,Lawrence,Massachusetts,Essex County,1840
bc6aa4f1-57b6-4a31-8c59-4eaa2d41b45a,dd97c64f-ca01-41c8-8bb0-381c2fd54f14,1065 Mohr Brook,Fairhaven,Massachusetts,Bristol County,0
10fce020-0203-4d25-9f23-70f86cfc76d0,e5d9d326-e04f-4e1e-888a-3b3e519e2460,272 Zboncak Junction,Boston,Massachusetts,Suffolk County,2119
e9619684-c3e7-4f7f-85aa-e78b873bf455,e80733b1-42fa-4a78-9d4a-1f2b6a6868be,1038 Kuphal Passage Apt 8,Newton,Massachusetts,Middlesex County,2459
17a46026-239a-46d3-81ef-d7c1d210c63e,d2c0ec15-c1fc-4873-a35f-22e27227c83d,548 Hilpert Heights Suite 77,Dartmouth,Massachusetts,Bristol County,0
5cc12d89-4cb0-490d-a206-0f48be646d82,64bb5918-02e2-45e1-b2bf-4dafb0683d79,952 O'Reilly Trailer Unit 39,Northborough,Massachusetts,Worcester County,1532
363e6472-c17b-47e7-b525-f5108cd3bba0,f4794c9e-8a17-4474-8aac-e7009b3b6fe8,637 Ondricka Station,Agawam,Massachusetts,Hampden County,1001
bbf1ee53-4049-429f-9b66-a334d6780d0a,d5fc679f-0838-4db4-898c-7db02b8bff9d,685 Wolf Extension Unit 10,Barnstable,Massachusetts,Barnstable County,2648
656d13b3-1e4a-4e4a-8633-f984fef9be0a,5100b86b-4a73-443e-8f9b-d4fe2e391b71,419 Breitenberg Road,Southbridge,Massachusetts,Worcester County,1550
e2d544ed-1d0a-410d-9d0b-39dec5f4803e,8fae2c72-3c2f-4ba0-8236-334f01f49962,761 Zboncak Gardens,Lexington,Massachusetts,Middlesex County,2421
493b2fc0-4290-4f21-9bb8-b8710178cf6a,8dd55a32-b6e7-418c-9bb8-adaaf9896318,554 Bauch Frontage road Suite 85,Lowell,Massachusetts,Middlesex County,1854
329f6010-0ff6-4039-b676-ae67875d570d,ab3874bd-aad4-493c-a138-a7f35ef64818,315 Franecki Manor Unit 0,Cohasset,Massachusetts,Norfolk County,0
56317a4e-0410-4f1d-81c6-6767a917cc60,e6e2bfc1-e7cb-4c61-bd2e-3bc80fb58782,190 Bayer Park,Salem,Massachusetts,Essex County,1970
985e4d16-e9eb-4920-80d8-0b83a43e1d38,4133d074-3d3a-49cc-9d9a-90b6b1e6dde8,465 Bosco Center,Milford,Massachusetts,Worcester County,1757
7e831226-bcb4-4b67-a399-fc708bdb829d,ed8eb3f9-0956-4140-8feb-89c3d8d211ed,359 Hahn Port Suite 19,Westford,Massachusetts,Middlesex County,0
f8eb4944-2791-49b1-b1c3-611a3f8b6717,248d7f02-5e68-4219-b620-059a76b41f0b,568 Cole Track Unit 62,Worcester,Massachusetts,Worcester County,1605
aad8c058-1406-4817-8f14-b4148930f5a7,f81ceb42-0012-44c6-bfb0-d3c1381b6868,578 Kirlin Ramp,Tyngsborough,Massachusetts,Middlesex County,0
224276cb-1c91-4905-a612-7a680aff263a,98ac7a6a-5d32-47ee-8b31-9f7f63c1468e,415 Rohan Gate,Shirley,Massachusetts,Middlesex County,1464
9fb3631a-a966-4da8-8cf0-321c051179a0,79791b5e-fb83-4dd1-8400-d6ca01dcd252,492 Frami Lodge Unit 85,Lincoln,Massachusetts,Middlesex County,0
25eedabd-3394-498b-8c62-a2bb3cc8bd60,bc6d79b3-e8b4-4fe8-aee8-927fd2a5ddd4,1039 Waters Knoll Apt 66,Hanson,Massachusetts,Plymouth County,2341
8f21d143-82e4-48d4-b0c3-27f145fade45,91571c5d-bce6-4d34-b5d6-83480b687ff0,162 Treutel Parade Apt 69,West Boylston,Massachusetts,Worcester County,0
746b4fba-c646-44be-a0f6-9d57f8ee5546,12bf5d97-48df-42cd-a18d-94e6aed9b7d6,101 Legros Overpass Suite 2,Leominster,Massachusetts,Worcester County,1453
8a5c4c72-a4bc-4b1d-ab89-efdd2c1a1f3a,d25e590a-ef94-4828-a3a8-dd3c5676a8f8,432 Breitenberg Park,Worcester,Massachusetts,Worcester County,1604
a987f65d-7bca-4718-8c7d-4cd63d247c93,24f6332b-a918-41c5-b1e2-9497ea6d2206,711 Weimann Mission,Wakefield,Massachusetts,Middlesex County,1880
9ee7fd35-95a3-4130-b742-d827caedb6a8,c7b79125-dd66-49d3-a472-25eb07407e8a,829 Legros Road Suite 98,New Marlborough,Massachusetts,Berkshire County,0
5e294391-5a23-4e64-9c9e-aa417a209c65,7d3d36e5-45d2-4b90-a7aa-05e35dff3b02,856 Weber Lane,Franklin,Massachusetts,Norfolk County,2038
5a1c23df-7101-4cb9-a6c3-753efe2abd38,0171edd4-05e9-4186-bc4a-cec77c49dcd1,949 Hartmann Park Unit 32,Boston,Massachusetts,Suffolk County,2126
85964639-e865-4c52-98d2-691e6228f938,1be84271-efa2-4d12-9589-e6c7a0393283,855 Schowalter Park,Springfield,Massachusetts,Hampden County,1108
e56cd81d-f104-4702-af14-053cada7b83a,6865e941-3701-44d4-8b12-627c1ab026c9,108 Tremblay Well,Boston,Massachusetts,Suffolk County,2210
f7b1b46b-2e08-4710-9bca-7974f79310bb,cc674817-53e3-4baf-a4a0-0698ba5d6449,689 Dietrich Walk Unit 73,Brockton,Massachusetts,Plymouth County,2301
0fce4728-aae2-4775-9136-ed597c62278a,30120853-9bf2-401b-bab3-424f6db00951,620 Cronin Well Unit 37,Sandwich,Massachusetts,Barnstable County,2563
759355b3-65c6-4076-bc8d-3733ff0b1e5d,e1295a75-f176-447e-a22b-5322a2301c24,234 Parisian Crossing Unit 1,Worcester,Massachusetts,Worcester County,1604
c6dbbebe-0eae-4e57-a7a1-e3c092d45465,a4937e0c-ffb5-441b-ade9-5db0afca1b77,969 Moen Passage Apt 99,Bridgewater,Massachusetts,Plymouth County,2324
78f7c617-b834-4b58-aaf3-50c476cb0c6f,427bc3c3-0489-434b-9dec-1434dacc06a4,445 Greenholt Flat,Spencer,Massachusetts,Worcester County,1562
4d8752a3-b890-4f7b-bc1e-cbc2d712ec1a,cbcd892e-a1a1-408a-ab13-8d245ebb9255,342 Donnelly Estate Suite 95,Worcester,Massachusetts,Worcester County,1602
adc3bccb-e430-450c-89c1-9ffa6e4f8ec5,3066d83d-6429-4848-9575-52a7a81f395a,328 Lakin Junction Suite 69,Gloucester,Massachusetts,Essex County,1930
17b54f33-f7f8-4ee7-9f89-25310eedccdb,4a85a232-044f-4613-b746-1cac3f04ccd9,486 Kuvalis Corner,Dartmouth,Massachusetts,Bristol County,0
643b7967-3ce3-431d-9b58-e9f1ce76c748,6405b053-1d54-4225-8645-541b837a0089,907 Hills Route Apt 10,Worcester,Massachusetts,Worcester County,1606
ce07624b-94bd-4aba-bec0-be2aa8a8dba5,3c7825e2-044f-4532-8d47-2afa5f9ad74c,1045 Rutherford Manor,Framingham,Massachusetts,Middlesex County,1702
fa847ee6-a6a8-4b6c-9172-af8d332dc7c9,706d90c3-f226-4f1a-8abb-8fa874aac266,889 Leuschke Rapid,Mansfield,Massachusetts,Bristol County,0
4a437c2d-3eb0-47b2-a05f-6b64f89c4bf6,298ababa-3b89-407a-b8ec-17ee9c33add7,171 Block Skyway,Yarmouth,Massachusetts,Barnstable County,0
23c65392-6c0c-4438-992a-9ae5cb3d2b1d,2450e3bc-f7ac-4f41-9f03-6005a7f73d48,326 Mueller Course Unit 64,Teaticket,Massachusetts,Barnstable County,2536
79406ded-b655-4cdd-a424-b864116591d9,b4427b54-0751-41a4-9ea5-b3ea7b56a649,414 Hand Branch,Boston,Massachusetts,Suffolk County,2215
7efa837a-0a63-4966-82ac-ea1e0eacd152,682436cc-1a2a-4da6-a271-f302c0578708,604 Cremin Byway Suite 35,Springfield,Massachusetts,Hampden County,1107
1c0641db-87fb-4c5b-a77b-c25b2abfe465,8ce3e68a-5efd-4aa1-8101-00c948075726,733 Klein Forge,Springfield,Massachusetts,Hampden County,1151
b2cbacbf-d917-41e3-a66e-410fef1e2f70,c8f7b9af-9be5-4674-ac73-73f463ef4e80,343 Muller Well Apt 48,Peabody,Massachusetts,Essex County,1940
6807df14-1d99-4d5c-b02f-ecd5ae553833,6aaea894-1c21-46c8-bdf8-82f4c814c394,254 Kessler Vista,West Stockbridge,Massachusetts,Berkshire County,0
a737697d-222d-4f5a-a2d5-e383a567e535,96bf6170-1b92-4ec8-8ced-bad9eb1e9856,396 Blick Rue,Boston,Massachusetts,Suffolk County,2163
53a2df79-3635-4daf-a9aa-5dfc85b00d10,3439e014-6bab-4f87-b8cf-3438635a6417,895 Homenick Hollow Suite 42,Mansfield,Massachusetts,Bristol County,0
9a464cde-4316-4fea-9398-7a2938e76828,3514e28c-bbb4-451a-8852-5fa45d177512,628 Kunde Forge,Swampscott,Massachusetts,Essex County,1907
2cac20bf-0e43-4385-a12e-b82c1acbf123,137bacf5-41c2-458d-ab4e-216ad44bf1a5,913 Miller Dale,Chesterfield,Massachusetts,Hampshire County,0
9d96e0d5-fc42-4235-a11c-57cd25c096b3,ba45bc14-bade-405f-93b5-05de3c90b832,407 Morar Glen Apt 5,West Springfield,Massachusetts,Hampden County,1089
9f0248d0-af2c-4d6a-81f5-e0b0c528e001,521a8aa4-470d-4f76-a68f-8361d4c62d55,924 Dach Bay,Manchester-by-the-Sea,Massachusetts,Essex County,0
b8232073-af49-4153-a1cf-256ea181bf41,716042d5-3cad-4520-aea8-e1fc8a871d82,977 Wuckert Village,Boston,Massachusetts,Suffolk County,2111
7b892a9c-64ab-4858-8459-bc1090fea986,e13262ed-afbd-4a57-9ce0-1ab826a3a912,612 Fisher Street,Boston,Massachusetts,Suffolk County,2115
6c70f5ab-ba1c-4d57-b17e-3206ea94c472,34f69acf-469c-4438-bd66-732e2498ed8b,1047 Ankunding Course Apt 6,Shrewsbury,Massachusetts,Worcester County,0
b6a0911e-3cd1-402c-bddb-e7818ef94152,d79002cb-ebb1-4c35-a3de-34d68d24962d,568 Kunde Divide,Pembroke,Massachusetts,Plymouth County,0
02ba29ec-8cef-4b65-bcc9-cc22d4aec037,ca5df2d1-5139-4999-9f72-411b52c698ba,325 Casper Vale Apt 39,Boston,Massachusetts,Suffolk County,2127
d038ca53-7ed9-4755-a601-4b4ca2d7536a,b960e914-f3ac-43f7-95a7-8cc4bc9c929e,636 Rath Port,Westfield,Massachusetts,Hampden County,1085
0b90ba05-bfe8-4d7d-8538-9a8579975db3,73b3fc90-a5cc-42d7-aa69-27091e3be02a,831 Greenholt Flat Apt 64,Salem,Massachusetts,Essex County,1970
f510d43b-6c77-4524-abe5-5fdda8a1a7a2,c3a62060-489c-4eca-962c-1effcd0f7906,855 Halvorson Key Suite 33,Monson,Massachusetts,Hampden County,0
ae69497c-9d88-4f5f-b25f-97c8509f4aa1,33a3d7c3-8bb0-45ec-b9ca-6167952d487b,768 Feil Vista Unit 37,Boston,Massachusetts,Suffolk County,2135
80cec7c6-81db-4a54-9b2d-2c6e14536dd6,0d3ba3c2-588c-4437-893c-d01e07fba341,948 Mosciski Tunnel,Boston,Massachusetts,Suffolk County,2111
8960a148-fea4-48d2-9f1b-a9a6c55edf1b,bb55d92f-a399-4854-b1ec-53010381508f,579 McClure Station Unit 37,Marshfield,Massachusetts,Plymouth County,2050
379b3047-58d8-460f-b378-319c9ac84c77,0956204a-56c7-4842-9579-cba90424ef2c,527 Hoeger Mews Suite 91,Newton,Massachusetts,Middlesex County,2465
633645a1-1cee-4efa-8b6b-b24d04a2005b,05e95682-d83f-4e1e-9ef6-39036dc9522f,472 Anderson Frontage road Apt 93,Cambridge,Massachusetts,Middlesex County,2472
527de222-db88-4d23-b8bd-11c1e01db827,db86c009-c4fb-46f7-ab20-0bd7a608b1e8,1042 Romaguera Walk Suite 20,Worcester,Massachusetts,Worcester County,1583
7365501f-6afe-4415-9f7c-3f912c5b48bf,56477be2-24a4-454f-940c-b740439154ea,147 Rolfson Road,Salem,Massachusetts,Essex County,1970
9ef47040-dc31-48d5-971f-bd30927b8c5f,458d695c-d81c-4381-bfdc-4ef361b4706e,1093 Cole Pathway Unit 69,Chesterfield,Massachusetts,Hampshire County,0
99d4bdeb-755c-4f2a-b0b9-f922ddc7d68d,15f88683-668a-441b-b0e6-75839306781e,1094 Koepp Brook Unit 28,Boston,Massachusetts,Suffolk County,2114
456aac1b-1fc1-471e-a444-4d3e942b41f4,5de47d56-482e-4a7a-b0de-dfc16338d600,1024 Okuneva Trailer,Springfield,Massachusetts,Hampden County,1106
e34689e9-05e0-42de-b584-58994091a686,1ecb0e0f-6e4d-4f1b-9d0d-a2b4aac03773,787 Rath Union Unit 18,Wilbraham,Massachusetts,Hampden County,1095
c2671db2-f7d5-440a-9535-bda6a1a3cc9e,25f04881-4061-41aa-b100-54589381fcbc,324 Bode Row Suite 93,Chesterfield,Massachusetts,Hampshire County,0
a956990a-48d8-4258-ac84-b6bf3d81a6e4,35fb6519-f24f-46ba-8b92-65cb3fb4c935,525 O'Conner Club Unit 10,Chesterfield,Massachusetts,Hampshire County,0
fd7043c8-4172-4ff6-a8f5-bd234676242a,607853f5-41fc-4364-9250-e36bee5ddf1f,832 Prohaska Haven Apt 66,Auburn,Massachusetts,Worcester County,0
4a342788-a7a5-4c4d-956d-e57c0bb0fe34,c9b0db2e-c114-4d09-abc7-8f250cefa2c9,429 Leuschke Divide,Templeton,Massachusetts,Worcester County,0
1e8f9778-5cf7-4ffd-98b0-40cfec1477fd,49996bc2-3ae6-49a1-ad0e-beb3314331e1,643 Jacobi Route,Auburn,Massachusetts,Worcester County,0
210f5b24-ac16-49ce-9d4a-a70c18e82587,2234c817-a047-4cf6-86c6-528f1cf00b70,717 Fay Alley,Boston,Massachusetts,Suffolk County,2134
43bd8555-809b-444c-95da-41651947398b,da10f25f-6782-4b3e-8f8d-23abb72a491c,656 Feest Row Suite 61,Northborough,Massachusetts,Worcester County,1532
155e95a3-116f-4d10-a98c-2c0771411882,20625c8a-b48b-4ed6-b26f-42b3d2b20b09,887 Wilderman Trailer,Northborough,Massachusetts,Worcester County,1532
e8f81d9c-3799-4fd7-8235-d75564c524cb,a67cbe60-b67b-43ef-abd6-797790ea32ef,716 Schamberger Ramp Apt 57,Northborough,Massachusetts,Worcester County,1532
0ca74f42-3d44-4c31-9461-6f871ed50ea8,3ba50a27-561d-412a-b57c-ba82c8d4f305,762 Schultz Path Suite 84,Northborough,Massachusetts,Worcester County,1532
23454da5-1daf-4e8a-ae3a-11559adad0a6,4af1dcd4-6ca9-480f-b785-bcb889488798,553 D'Amore Avenue,Northborough,Massachusetts,Worcester County,1532
70022996-d532-4323-8b7d-7decdcbc0906,e8f630e7-541f-4eca-86ea-3745a0333c70,153 Murray Avenue Unit 37,Northborough,Massachusetts,Worcester County,1532
4431ed9b-e17e-490a-811e-2b581b04b23d,b826ff6a-8c4f-46e1-a493-f7225f10bb1e,955 Kessler Spur,Northborough,Massachusetts,Worcester County,1532
